# Name,     Type, SubType, Offset,  Size, Flags
# Angepasste Version von zigbee.csv (framework-arduinoespressif32): groessere
# App-Partitionen, da WiFi+WebServer fuer den Kalibrier-Modus zusaetzlichen
# Flash-Platz brauchen. Board hat 8 MB Flash, das Original-Schema nutzte nur 4 MB.
nvs,        data, nvs,     0x9000,  0x5000,
otadata,    data, ota,     0xe000,  0x2000,
app0,       app,  ota_0,   0x10000, 0x200000,
app1,       app,  ota_1,   0x210000,0x200000,
zb_storage, data, fat,     0x410000,0x4000,
zb_fct,     data, fat,     0x414000,0x1000,
coredump,   data, coredump,0x415000,0x10000,
